{"cameraMode":{"drawMode":0,"name":"Shaded","section":"Shading Mode"},"sceneLighting":true,"audioPlay":false,"sceneViewState":{"showFog":true,"showMaterialUpdate":false,"showSkybox":true,"showFlares":true,"showImageEffects":true,"showParticleSystems":true},"in2DMode":false,"pivot":{"x":2.8466830253601076,"y":0.3314567804336548,"z":3.250690460205078},"rotation":{"x":-0.08006748557090759,"y":-0.2979181110858917,"z":0.025085585191845895,"w":-0.9508967995643616},"size":7.6156535148620609,"orthographic":false}